Num_Acc,senc,catv,occutc,obs,obsm,choc,manv,num_veh
201800025534,0.0,10,0,0.0,2.0,1.0,2.0,A01
201800036746,0.0,7,0,0.0,2.0,1.0,1.0,B01
201800003825,1.0,2,0,12.0,2.0,1.0,1.0,A01
201800003123,0.0,7,0,0.0,1.0,4.0,4.0,A01
201800055862,0.0,30,0,0.0,2.0,1.0,1.0,B01
201800005533,1.0,30,0,0.0,2.0,0.0,0.0,A01
201800011975,2.0,33,0,0.0,2.0,1.0,17.0,A01
201800033453,1.0,7,0,0.0,2.0,2.0,1.0,A01
201800014146,1.0,7,0,2.0,0.0,3.0,15.0,A01
201800056620,0.0,33,0,3.0,2.0,4.0,1.0,B01
201800038387,0.0,7,0,0.0,1.0,2.0,2.0,A01
201800042508,2.0,7,0,0.0,1.0,1.0,1.0,Z01
201800056248,1.0,1,0,0.0,2.0,1.0,1.0,C01
201800040864,1.0,7,0,0.0,1.0,1.0,15.0,A01
201800040517,0.0,32,0,0.0,2.0,3.0,2.0,B01
201800033651,2.0,7,0,0.0,2.0,3.0,1.0,B01
201800003480,0.0,7,0,13.0,9.0,2.0,1.0,A01
201800038128,1.0,7,0,0.0,2.0,2.0,16.0,B01
201800021536,2.0,2,0,0.0,2.0,3.0,13.0,A01
201800055788,0.0,2,0,0.0,2.0,1.0,1.0,B01
201800027352,0.0,7,0,0.0,2.0,4.0,2.0,C01
201800027820,0.0,7,0,6.0,0.0,1.0,19.0,A01
201800023049,1.0,7,0,0.0,2.0,3.0,1.0,A01
201800040572,1.0,7,0,0.0,2.0,6.0,18.0,A01
201800018498,0.0,32,0,15.0,0.0,1.0,0.0,A01
201800016980,2.0,15,0,0.0,0.0,4.0,15.0,B01
201800048624,2.0,33,0,0.0,2.0,4.0,1.0,B01
201800049751,1.0,7,0,0.0,2.0,4.0,1.0,C01
201800032567,2.0,7,0,9.0,1.0,1.0,15.0,A01
201800041447,1.0,7,0,0.0,2.0,8.0,1.0,B01
201800037695,2.0,1,0,0.0,2.0,7.0,1.0,B01
201800010089,0.0,7,0,0.0,2.0,3.0,1.0,A01
201800031816,1.0,7,0,0.0,2.0,4.0,1.0,B01
201800037116,1.0,2,0,0.0,2.0,1.0,1.0,B01
201800029468,1.0,7,0,0.0,1.0,1.0,1.0,A01
201800049987,1.0,10,0,0.0,2.0,2.0,14.0,A01
201800045000,2.0,34,0,0.0,2.0,8.0,1.0,B01
201800003332,2.0,7,0,0.0,0.0,3.0,1.0,B01
201800044248,2.0,10,0,0.0,2.0,1.0,1.0,C01
201800034468,2.0,7,0,0.0,2.0,1.0,2.0,B01
201800008922,1.0,7,0,0.0,2.0,4.0,1.0,A01
201800019090,0.0,7,0,13.0,0.0,0.0,2.0,A01
201800045272,1.0,10,0,0.0,2.0,1.0,1.0,B01
201800025542,0.0,2,0,0.0,2.0,1.0,1.0,B01
201800052153,1.0,7,0,0.0,2.0,2.0,1.0,B01
201800015233,2.0,7,0,0.0,2.0,6.0,5.0,A01
201800044929,1.0,10,0,0.0,2.0,4.0,2.0,A01
201800030436,1.0,7,0,0.0,2.0,1.0,2.0,A01
201800007261,2.0,15,0,0.0,0.0,4.0,2.0,B01
201800002105,2.0,33,0,0.0,2.0,1.0,1.0,B01
201800045072,1.0,10,0,0.0,2.0,6.0,2.0,A01
201800032210,0.0,1,0,0.0,2.0,1.0,1.0,B01
201800050948,1.0,7,0,0.0,2.0,3.0,13.0,A01
201800044829,2.0,10,0,0.0,2.0,2.0,12.0,A01
201800030645,0.0,7,0,0.0,2.0,1.0,1.0,A01
201800041310,0.0,20,0,0.0,2.0,3.0,9.0,A01
201800018703,1.0,7,0,0.0,2.0,1.0,1.0,A01
201800026770,1.0,7,0,0.0,2.0,3.0,15.0,B01
201800033641,0.0,7,0,0.0,2.0,8.0,1.0,B01
201800046113,2.0,7,0,0.0,2.0,4.0,23.0,B01
201800054591,1.0,7,0,0.0,2.0,2.0,2.0,D01
201800004356,2.0,7,0,0.0,1.0,2.0,1.0,A01
201800056456,2.0,1,0,0.0,2.0,1.0,15.0,B01
201800048222,1.0,7,0,0.0,2.0,1.0,2.0,A01
201800029091,1.0,7,0,0.0,1.0,1.0,1.0,A01
201800027779,1.0,33,0,4.0,2.0,1.0,1.0,A01
201800006459,1.0,7,0,0.0,2.0,1.0,1.0,C01
201800028365,1.0,7,0,0.0,9.0,5.0,1.0,B01
201800050688,1.0,2,0,12.0,0.0,7.0,14.0,A01
201800025113,1.0,7,0,0.0,2.0,1.0,5.0,A01
201800015105,2.0,1,0,0.0,2.0,1.0,1.0,C01
201800028918,1.0,7,0,0.0,2.0,1.0,0.0,B01
201800016928,0.0,7,0,3.0,2.0,1.0,1.0,B01
201800034149,1.0,7,0,0.0,1.0,1.0,15.0,A01
201800039783,1.0,7,0,14.0,0.0,4.0,23.0,C01
201800004673,0.0,2,0,0.0,2.0,1.0,1.0,A01
201800003309,0.0,7,0,0.0,2.0,1.0,1.0,B01
201800053984,1.0,7,0,0.0,2.0,1.0,1.0,B01
201800055596,1.0,33,0,0.0,2.0,8.0,3.0,B01
201800048824,1.0,15,0,0.0,2.0,1.0,2.0,A01
201800057047,1.0,2,0,0.0,2.0,8.0,1.0,B01
201800031086,0.0,2,0,0.0,2.0,1.0,13.0,A01
201800006332,1.0,37,40,0.0,2.0,1.0,1.0,B01
201800032702,2.0,15,0,0.0,0.0,4.0,2.0,B01
201800042811,1.0,1,0,0.0,2.0,8.0,16.0,B01
201800049751,1.0,10,0,0.0,2.0,0.0,1.0,B01
201800015625,1.0,17,0,0.0,2.0,1.0,2.0,A01
201800003978,0.0,7,0,13.0,0.0,2.0,1.0,A01
201800038752,1.0,7,0,0.0,2.0,1.0,13.0,A01
201800037010,1.0,2,0,0.0,2.0,1.0,1.0,A01
201800014529,2.0,7,0,0.0,2.0,1.0,1.0,A01
201800053674,2.0,7,0,0.0,2.0,4.0,1.0,A01
201800015307,0.0,7,0,0.0,1.0,2.0,20.0,A01
201800046515,2.0,7,0,0.0,2.0,4.0,2.0,B01
201800056316,0.0,2,0,14.0,0.0,1.0,1.0,A01
201800032380,1.0,7,0,0.0,2.0,4.0,2.0,B01
201800038470,0.0,2,0,0.0,2.0,1.0,16.0,A01
201800004707,2.0,36,0,0.0,2.0,3.0,19.0,A01
201800030603,0.0,2,0,0.0,2.0,8.0,1.0,B01
201800034020,1.0,7,0,0.0,1.0,1.0,1.0,A01
201800055474,2.0,33,0,0.0,2.0,1.0,12.0,A01
201800013942,2.0,7,0,0.0,2.0,2.0,13.0,A01
201800022072,1.0,7,0,0.0,2.0,2.0,16.0,A01
201800029243,1.0,1,0,0.0,2.0,7.0,2.0,B01
201800019225,0.0,32,0,0.0,2.0,1.0,3.0,A01
201800024743,1.0,7,0,0.0,2.0,4.0,1.0,C01
201800049902,2.0,31,0,0.0,2.0,6.0,11.0,B01
201800023308,2.0,33,0,0.0,2.0,1.0,2.0,A01
201800055232,1.0,7,0,0.0,2.0,3.0,11.0,A01
201800003773,2.0,7,0,0.0,2.0,1.0,1.0,B01
201800011868,1.0,14,0,0.0,2.0,1.0,2.0,A01
201800030937,2.0,15,0,0.0,2.0,1.0,1.0,A01
201800048430,1.0,7,0,8.0,2.0,3.0,1.0,B01
201800049581,2.0,7,0,0.0,2.0,3.0,18.0,A01
201800050172,1.0,7,0,0.0,2.0,1.0,2.0,B01
201800010611,2.0,7,0,0.0,2.0,1.0,1.0,B01
201800002276,1.0,7,0,1.0,0.0,1.0,21.0,A01
201800032472,1.0,1,0,0.0,2.0,1.0,19.0,A01
201800009543,1.0,99,0,0.0,1.0,1.0,1.0,Z01
201800033363,1.0,7,0,0.0,2.0,2.0,9.0,A01
201800032192,2.0,7,0,0.0,6.0,1.0,9.0,A01
201800027552,2.0,7,0,0.0,2.0,7.0,0.0,B01
201800055736,2.0,33,0,0.0,2.0,4.0,1.0,B01
201800020664,1.0,7,0,0.0,1.0,3.0,15.0,A01
201800041881,1.0,7,0,14.0,2.0,2.0,1.0,B01
201800031783,1.0,10,0,0.0,2.0,1.0,2.0,A01
201800000814,1.0,7,0,0.0,2.0,6.0,23.0,C01
201800025097,,7,0,0.0,1.0,1.0,15.0,A01
201800011935,2.0,7,0,0.0,2.0,1.0,5.0,A01
201800056656,1.0,99,0,1.0,1.0,0.0,0.0,Z01
201800001500,2.0,7,0,4.0,2.0,9.0,2.0,B01
201800045500,2.0,15,0,0.0,2.0,8.0,1.0,B01
201800034000,2.0,7,0,0.0,2.0,1.0,0.0,B01
201800053354,1.0,7,0,0.0,2.0,7.0,1.0,A01
201800041866,1.0,37,0,0.0,2.0,1.0,17.0,A01
201800004425,2.0,7,0,6.0,0.0,1.0,16.0,A01
201800037465,2.0,7,0,0.0,2.0,8.0,22.0,A01
201800049304,1.0,7,0,0.0,2.0,7.0,2.0,B01
201800012128,2.0,7,0,0.0,2.0,3.0,1.0,B01
201800046622,2.0,7,0,0.0,2.0,1.0,2.0,C01
201800005034,0.0,33,0,0.0,2.0,1.0,2.0,B01
201800044534,2.0,10,0,0.0,2.0,4.0,23.0,B01
201800053796,1.0,7,0,0.0,1.0,2.0,15.0,A01
201800014662,2.0,7,0,0.0,2.0,8.0,0.0,A01
201800000507,1.0,7,0,0.0,1.0,1.0,1.0,A01
201800049645,2.0,7,0,0.0,2.0,1.0,0.0,C01
201800013853,2.0,7,0,2.0,0.0,7.0,1.0,A01
201800007204,0.0,1,0,0.0,0.0,4.0,1.0,B01
201800039089,0.0,30,0,0.0,2.0,8.0,1.0,B01
201800053618,2.0,7,0,9.0,0.0,2.0,14.0,A01
201800053426,1.0,10,0,0.0,2.0,2.0,12.0,B01
201800052828,1.0,34,0,0.0,2.0,1.0,2.0,A01
201800014142,0.0,7,0,0.0,2.0,1.0,1.0,A01
201800018219,1.0,33,0,0.0,2.0,1.0,1.0,B01
201800055434,1.0,7,0,0.0,2.0,8.0,1.0,C01
201800041865,1.0,7,0,0.0,2.0,3.0,15.0,A01
201800037225,1.0,14,0,0.0,2.0,1.0,2.0,A01
201800023205,2.0,33,0,0.0,2.0,7.0,1.0,B01
201800026232,1.0,10,0,0.0,1.0,1.0,20.0,A01
201800018953,2.0,7,0,0.0,2.0,1.0,15.0,A01
201800037782,1.0,7,0,0.0,2.0,1.0,1.0,A01
201800024491,1.0,7,0,9.0,0.0,1.0,13.0,A01
201800049859,2.0,7,0,0.0,2.0,4.0,2.0,A01
201800037239,1.0,34,0,11.0,0.0,8.0,1.0,A01
201800028301,1.0,7,0,0.0,2.0,8.0,1.0,A01
201800026281,0.0,7,0,0.0,2.0,9.0,2.0,B01
201800014938,1.0,33,0,0.0,2.0,1.0,1.0,B01
201800006013,1.0,7,0,0.0,2.0,2.0,19.0,A01
201800018168,2.0,7,0,0.0,2.0,2.0,1.0,A01
201800036803,2.0,7,0,0.0,2.0,3.0,19.0,B01
201800024236,1.0,30,0,0.0,2.0,1.0,1.0,B01
201800049468,1.0,15,0,0.0,1.0,2.0,2.0,A01
201800032774,1.0,2,0,0.0,0.0,8.0,1.0,A01
201800010352,0.0,7,0,0.0,2.0,3.0,9.0,A01
201800021291,0.0,7,0,0.0,2.0,1.0,13.0,A01
201800026629,1.0,7,0,0.0,2.0,5.0,2.0,B01
201800013571,1.0,7,0,6.0,0.0,0.0,0.0,A01
201800003059,1.0,33,0,13.0,0.0,2.0,1.0,A01
201800011800,1.0,33,0,0.0,2.0,1.0,1.0,B01
201800041257,1.0,7,0,0.0,2.0,4.0,2.0,A01
201800053967,1.0,7,0,0.0,1.0,1.0,1.0,A01
201800003867,1.0,31,0,0.0,2.0,7.0,17.0,A01
201800017967,1.0,7,0,8.0,0.0,1.0,1.0,A01
201800015195,2.0,10,0,0.0,2.0,8.0,1.0,B01
201800054245,1.0,32,0,0.0,2.0,2.0,2.0,A01
201800019761,1.0,1,0,2.0,2.0,4.0,23.0,A01
201800025992,1.0,7,0,0.0,2.0,2.0,2.0,A01
201800033639,1.0,7,0,0.0,2.0,2.0,1.0,B01
201800010234,0.0,7,0,6.0,0.0,1.0,21.0,A01
201800040634,1.0,7,0,0.0,2.0,2.0,13.0,A01
201800037206,0.0,14,0,0.0,2.0,2.0,12.0,A01
201800024857,1.0,7,0,0.0,2.0,4.0,0.0,B01
201800005511,2.0,7,0,0.0,2.0,3.0,10.0,B01
201800005573,1.0,7,0,3.0,2.0,3.0,13.0,A01
201800042481,2.0,7,0,0.0,2.0,2.0,21.0,B01
201800053289,1.0,31,0,0.0,2.0,1.0,1.0,A01
201800005714,1.0,7,0,0.0,2.0,7.0,1.0,B01
201800033969,1.0,34,0,0.0,2.0,1.0,1.0,A01
201800019245,0.0,7,0,0.0,2.0,4.0,2.0,B01
201800049316,2.0,14,0,0.0,2.0,1.0,2.0,C01
201800029706,1.0,7,0,0.0,2.0,3.0,13.0,A01
201800034656,0.0,7,0,0.0,0.0,4.0,24.0,B01
201800055557,2.0,7,0,0.0,2.0,4.0,1.0,C01
201800053196,2.0,30,0,0.0,2.0,1.0,1.0,B01
201800034802,2.0,10,0,0.0,1.0,3.0,15.0,A01
201800018483,1.0,7,0,0.0,2.0,3.0,1.0,B01
201800038737,1.0,99,0,0.0,2.0,4.0,19.0,B01
201800045706,2.0,7,0,0.0,2.0,4.0,23.0,B01
201800049534,1.0,7,0,0.0,2.0,4.0,23.0,D01
201800051643,1.0,34,0,7.0,2.0,1.0,1.0,A01
201800026363,1.0,7,0,0.0,2.0,7.0,17.0,C01
201800048929,2.0,7,0,0.0,2.0,4.0,23.0,D01
201800050580,1.0,3,0,0.0,2.0,6.0,13.0,B01
201800050580,1.0,31,0,0.0,2.0,2.0,17.0,A01
201800029570,1.0,30,0,0.0,2.0,1.0,1.0,B01
201800033475,0.0,7,0,0.0,2.0,2.0,0.0,A01
201800000481,2.0,7,0,2.0,0.0,1.0,1.0,A01
201800053069,2.0,7,0,0.0,1.0,3.0,1.0,A01
201800032893,0.0,7,0,0.0,2.0,3.0,0.0,B01
201800009720,1.0,7,0,0.0,2.0,4.0,0.0,A01
201800042395,2.0,34,0,0.0,0.0,7.0,1.0,A01
201800003946,1.0,7,0,0.0,0.0,1.0,15.0,A01
201800032474,0.0,1,0,0.0,2.0,1.0,1.0,A01
201800050310,1.0,33,0,0.0,2.0,4.0,23.0,B01
201800054462,1.0,30,0,0.0,1.0,1.0,17.0,A01
201800029850,0.0,1,0,0.0,2.0,1.0,2.0,B01
201800003047,2.0,33,0,0.0,0.0,1.0,1.0,B01
201800023203,1.0,7,0,0.0,2.0,6.0,9.0,A01
201800048163,1.0,7,0,0.0,2.0,6.0,1.0,B01
201800018600,2.0,7,0,0.0,2.0,3.0,13.0,A01
201800017632,2.0,7,0,0.0,2.0,2.0,19.0,A01
201800007326,2.0,10,0,0.0,1.0,1.0,11.0,A01
201800022404,1.0,7,0,0.0,2.0,8.0,1.0,B01
201800021739,1.0,7,0,1.0,0.0,1.0,1.0,A01
201800049033,1.0,10,0,0.0,2.0,4.0,1.0,B01
201800036607,2.0,7,0,0.0,2.0,3.0,11.0,A01
201800030387,0.0,10,0,13.0,0.0,0.0,23.0,B01
201800043113,2.0,7,0,0.0,2.0,7.0,15.0,A01
201800042011,1.0,10,0,0.0,2.0,4.0,1.0,B01
201800042030,,99,0,0.0,1.0,1.0,1.0,A01
201800039687,0.0,32,0,0.0,2.0,3.0,17.0,B01
201800033324,1.0,7,0,8.0,0.0,3.0,1.0,A01
201800037506,1.0,7,0,0.0,1.0,3.0,15.0,A01
201800022669,2.0,10,0,1.0,0.0,1.0,2.0,A01
201800038260,1.0,7,0,0.0,1.0,2.0,7.0,A01
201800053169,2.0,7,0,0.0,2.0,2.0,15.0,A01
201800034154,2.0,1,0,0.0,2.0,4.0,2.0,B01
201800043777,2.0,7,0,0.0,2.0,3.0,18.0,B01
201800020342,1.0,7,0,0.0,2.0,1.0,1.0,B01
201800011339,1.0,2,0,0.0,2.0,0.0,0.0,A01
201800013689,1.0,7,0,0.0,2.0,8.0,0.0,B01
201800055140,1.0,7,0,0.0,2.0,1.0,1.0,D01
201800010919,1.0,7,0,0.0,2.0,3.0,1.0,C01
201800021295,0.0,7,0,0.0,2.0,3.0,9.0,A01
201800009939,0.0,33,0,0.0,2.0,5.0,2.0,A01
201800046132,2.0,7,0,0.0,2.0,5.0,14.0,A01
201800008283,1.0,7,0,0.0,2.0,1.0,1.0,A01
201800052625,1.0,7,0,0.0,2.0,2.0,15.0,A01
201800055212,0.0,7,0,0.0,2.0,1.0,15.0,A01
201800026501,0.0,99,0,0.0,0.0,0.0,1.0,A01
201800020004,2.0,7,0,0.0,0.0,8.0,21.0,B01
201800049994,1.0,7,0,3.0,0.0,1.0,14.0,A01
201800018427,2.0,7,0,0.0,2.0,1.0,17.0,A01
201800055435,1.0,7,0,0.0,2.0,4.0,23.0,B01
201800006012,1.0,7,0,0.0,9.0,1.0,1.0,B01
201800046022,2.0,10,0,0.0,2.0,4.0,2.0,B01
201800016656,2.0,7,0,6.0,,7.0,1.0,A01
201800051521,2.0,32,0,0.0,2.0,1.0,1.0,A01
201800002531,2.0,7,0,0.0,2.0,3.0,15.0,B01
201800020745,1.0,7,0,0.0,2.0,4.0,2.0,B01
201800002732,1.0,7,0,0.0,2.0,3.0,9.0,A01
201800032570,0.0,7,0,0.0,2.0,6.0,11.0,A01
201800006233,0.0,1,0,0.0,2.0,1.0,1.0,B01
201800008141,1.0,31,0,0.0,2.0,1.0,1.0,B01
201800031175,0.0,99,0,0.0,2.0,0.0,0.0,R01
201800015983,2.0,13,0,0.0,2.0,2.0,1.0,B01
201800000310,0.0,36,0,12.0,0.0,7.0,1.0,A01
201800015833,2.0,7,0,8.0,0.0,5.0,1.0,A01
201800004066,0.0,7,0,0.0,2.0,1.0,1.0,A01
201800019735,2.0,1,0,0.0,2.0,1.0,2.0,B01
201800025354,1.0,7,0,0.0,1.0,1.0,1.0,A01
201800054418,1.0,7,0,0.0,1.0,0.0,1.0,Z01
201800025864,1.0,7,0,0.0,0.0,0.0,9.0,A01
201800011905,1.0,14,0,0.0,2.0,3.0,1.0,B01
201800032802,0.0,7,0,0.0,2.0,1.0,16.0,B01
201800000828,1.0,10,0,0.0,6.0,7.0,16.0,A01
201800003564,1.0,33,0,0.0,2.0,7.0,2.0,A01
201800009214,1.0,7,0,0.0,1.0,3.0,1.0,A01
201800038804,2.0,10,0,0.0,2.0,8.0,15.0,B01
201800053047,1.0,2,0,0.0,0.0,7.0,1.0,A01
201800013760,0.0,34,0,12.0,0.0,1.0,17.0,A01
201800036200,2.0,7,0,0.0,1.0,3.0,1.0,A01
201800009311,1.0,7,0,0.0,2.0,1.0,5.0,Z01
201800017898,,2,0,0.0,2.0,8.0,19.0,A01
201800037487,1.0,7,0,0.0,2.0,6.0,23.0,B01
201800056861,1.0,7,0,0.0,2.0,1.0,9.0,A01
201800044434,2.0,7,0,0.0,2.0,1.0,2.0,A01
201800025050,0.0,7,0,9.0,2.0,1.0,1.0,A01
201800031976,1.0,7,0,0.0,2.0,3.0,1.0,A01
201800054960,1.0,32,0,11.0,0.0,1.0,1.0,A01
201800001469,0.0,7,0,0.0,0.0,3.0,23.0,C01
201800044294,2.0,10,0,0.0,2.0,1.0,2.0,B01
201800012068,1.0,7,0,13.0,0.0,3.0,13.0,A01
201800014283,1.0,7,0,6.0,0.0,1.0,1.0,A01
201800050286,1.0,7,0,0.0,2.0,5.0,22.0,A01
201800023215,0.0,14,0,0.0,2.0,4.0,4.0,A01
201800021684,1.0,7,0,0.0,1.0,1.0,1.0,B01
201800057350,1.0,7,0,0.0,2.0,5.0,0.0,A01
201800020285,2.0,7,0,3.0,0.0,7.0,21.0,A01
201800040252,1.0,7,0,0.0,2.0,1.0,2.0,A01
201800037399,1.0,33,0,0.0,2.0,2.0,1.0,B01
201800010660,1.0,33,0,0.0,2.0,2.0,2.0,B01
201800009289,2.0,7,0,9.0,0.0,1.0,2.0,A01
201800037066,2.0,7,0,0.0,1.0,1.0,1.0,A01
201800046027,2.0,7,0,0.0,2.0,7.0,1.0,B01
201800000602,2.0,31,0,12.0,0.0,2.0,1.0,A01
201800033896,0.0,32,0,0.0,2.0,1.0,1.0,B01
201800015210,0.0,33,0,0.0,0.0,7.0,1.0,A01
201800048635,1.0,1,0,0.0,2.0,1.0,1.0,B01
201800034249,0.0,1,0,0.0,2.0,8.0,19.0,B01
201800001271,0.0,7,0,2.0,0.0,8.0,1.0,A01
201800045559,1.0,7,0,0.0,2.0,1.0,2.0,D01
201800044085,2.0,32,0,0.0,2.0,1.0,2.0,A01
201800048269,2.0,33,0,0.0,2.0,8.0,1.0,A01
201800044433,1.0,17,0,0.0,2.0,2.0,14.0,A01
201800023030,1.0,7,0,0.0,2.0,8.0,10.0,A01
201800028520,1.0,1,0,0.0,2.0,1.0,17.0,A01
201800057501,1.0,7,0,0.0,2.0,1.0,1.0,B01
201800006153,1.0,7,0,0.0,2.0,1.0,2.0,B01
201800009859,0.0,7,0,0.0,2.0,5.0,1.0,B01
201800047260,1.0,7,0,0.0,2.0,3.0,1.0,B01
201800016523,1.0,7,0,2.0,0.0,3.0,1.0,A01
201800009786,0.0,30,0,0.0,2.0,1.0,2.0,A01
201800036122,1.0,7,0,0.0,2.0,2.0,1.0,B01