Num_Acc,senc,catv,occutc,obs,obsm,choc,manv,num_veh
201800005351,1.0,30,0,0.0,2.0,1.0,2.0,A01
201800001912,0.0,7,0,0.0,2.0,8.0,9.0,A01
201800028375,1.0,7,0,0.0,2.0,4.0,2.0,B01
201800007874,1.0,10,0,0.0,2.0,1.0,1.0,B01
201800028931,0.0,7,0,0.0,2.0,4.0,15.0,C01
201800053663,2.0,33,0,0.0,1.0,1.0,1.0,A01
201800053740,2.0,2,0,0.0,2.0,8.0,18.0,A01
201800000084,0.0,7,0,0.0,2.0,1.0,1.0,A01
201800004659,0.0,7,0,0.0,2.0,3.0,15.0,A01
201800045151,2.0,7,0,0.0,2.0,4.0,1.0,B01
201800010043,1.0,7,0,0.0,1.0,1.0,1.0,A01
201800009866,1.0,33,0,0.0,2.0,1.0,17.0,A01
201800003608,2.0,33,0,0.0,2.0,2.0,17.0,B01
201800046993,2.0,7,0,0.0,2.0,4.0,2.0,B01
201800002845,1.0,30,0,0.0,0.0,5.0,2.0,B01
201800009889,1.0,7,0,0.0,2.0,1.0,0.0,A01
201800024329,2.0,7,0,0.0,1.0,8.0,1.0,A01
201800052990,1.0,32,0,0.0,2.0,1.0,1.0,B01
201800046032,2.0,10,0,0.0,2.0,4.0,23.0,B01
201800037455,1.0,31,0,0.0,2.0,1.0,17.0,B01
201800053730,2.0,30,0,0.0,2.0,2.0,1.0,A01
201800037925,1.0,7,0,0.0,2.0,5.0,19.0,Z01
201800017378,1.0,7,0,13.0,0.0,1.0,1.0,A01
201800012548,0.0,36,0,0.0,0.0,2.0,1.0,A01
201800000895,1.0,7,0,0.0,1.0,2.0,1.0,A01
201800029250,1.0,7,0,0.0,2.0,4.0,1.0,B01
201800038264,1.0,34,0,0.0,2.0,1.0,1.0,B01
201800038320,1.0,30,0,0.0,2.0,7.0,1.0,A01
201800026895,2.0,7,0,0.0,2.0,1.0,1.0,A01
201800043917,2.0,7,0,0.0,2.0,4.0,2.0,C01
201800047473,1.0,34,0,0.0,2.0,1.0,21.0,A01
201800038316,2.0,7,0,0.0,2.0,8.0,15.0,B01
201800041521,1.0,7,0,0.0,2.0,2.0,15.0,A01
201800032090,1.0,7,0,0.0,2.0,2.0,15.0,A01
201800039433,0.0,10,0,0.0,2.0,1.0,9.0,A01
201800004438,1.0,7,0,0.0,1.0,1.0,15.0,A01
201800041497,0.0,30,0,0.0,2.0,1.0,17.0,A01
201800042635,1.0,7,0,13.0,0.0,3.0,0.0,B01
201800045426,1.0,7,0,0.0,2.0,4.0,2.0,D01
201800033490,1.0,2,0,2.0,0.0,0.0,13.0,A01
201800031672,1.0,7,0,0.0,2.0,1.0,10.0,A01
201800018967,1.0,7,0,7.0,0.0,1.0,1.0,A01
201800052867,2.0,10,0,0.0,1.0,4.0,4.0,A01
201800005403,1.0,30,0,0.0,2.0,2.0,17.0,A01
201800047200,1.0,10,0,0.0,2.0,6.0,11.0,B01
201800017733,1.0,10,0,13.0,0.0,1.0,19.0,A01
201800014229,1.0,7,0,0.0,2.0,8.0,19.0,A01
201800005981,1.0,7,0,15.0,2.0,2.0,0.0,A01
201800032572,2.0,1,0,0.0,2.0,4.0,15.0,B01
201800024797,0.0,7,0,0.0,2.0,2.0,15.0,A01
201800001766,2.0,7,0,0.0,2.0,1.0,1.0,B01
201800040852,2.0,7,0,0.0,1.0,2.0,0.0,A01
201800001933,2.0,7,0,0.0,2.0,8.0,19.0,B01
201800032935,0.0,33,0,0.0,2.0,1.0,2.0,A01
201800057305,1.0,7,0,0.0,2.0,4.0,23.0,A01
201800025915,1.0,33,0,0.0,0.0,9.0,1.0,A01
201800011575,1.0,33,0,0.0,2.0,1.0,1.0,A01
201800008907,1.0,7,0,0.0,6.0,7.0,9.0,A01
201800005229,0.0,20,0,0.0,2.0,0.0,0.0,A01
201800042001,1.0,10,0,0.0,2.0,3.0,1.0,A01
201800032050,1.0,7,0,0.0,1.0,0.0,16.0,Z01
201800028728,2.0,1,0,0.0,2.0,1.0,15.0,B01
201800018070,1.0,7,0,2.0,0.0,3.0,14.0,A01
201800018731,1.0,10,0,0.0,2.0,2.0,17.0,A01
201800057049,1.0,30,0,0.0,2.0,8.0,1.0,A01
201800042719,1.0,7,0,0.0,1.0,1.0,15.0,A01
201800030595,0.0,33,0,0.0,0.0,8.0,2.0,A01
201800004312,1.0,7,0,0.0,2.0,8.0,13.0,A01
201800006042,1.0,7,0,0.0,2.0,3.0,21.0,C01
201800025293,2.0,10,0,0.0,1.0,2.0,1.0,A01
201800040277,1.0,7,0,0.0,2.0,8.0,19.0,B01
201800040542,2.0,10,0,0.0,2.0,2.0,1.0,A01
201800004352,0.0,7,0,0.0,2.0,3.0,13.0,A01
201800018726,2.0,7,0,2.0,9.0,8.0,13.0,A01
201800044573,2.0,7,0,4.0,0.0,8.0,0.0,A01
201800034573,1.0,7,0,0.0,2.0,0.0,0.0,B01
201800035408,0.0,20,0,0.0,1.0,4.0,20.0,A01
201800024465,1.0,40,30,0.0,2.0,5.0,1.0,B01
201800046943,1.0,10,0,0.0,2.0,4.0,2.0,C01
201800002414,0.0,7,0,0.0,2.0,1.0,1.0,B01
201800028869,2.0,7,0,0.0,2.0,2.0,15.0,A01
201800025002,0.0,7,0,0.0,2.0,3.0,1.0,A01
201800043909,2.0,33,0,0.0,2.0,3.0,2.0,A01
201800036979,1.0,34,0,0.0,2.0,1.0,2.0,B01
201800039458,1.0,13,0,0.0,2.0,1.0,21.0,A01
201800049514,2.0,17,0,0.0,2.0,2.0,12.0,A01
201800053546,1.0,7,0,0.0,2.0,1.0,2.0,Z01
201800003369,2.0,31,0,0.0,2.0,2.0,17.0,A01
201800037601,2.0,10,0,0.0,2.0,7.0,1.0,A01
201800021645,0.0,1,0,0.0,0.0,0.0,1.0,B01
201800018290,2.0,7,0,0.0,2.0,3.0,13.0,A01
201800042510,0.0,10,0,0.0,2.0,8.0,15.0,A01
201800044583,2.0,7,0,0.0,2.0,4.0,1.0,B01
201800031769,2.0,10,0,0.0,2.0,3.0,15.0,B01
201800019728,1.0,30,0,9.0,0.0,1.0,0.0,A01
201800012472,1.0,10,0,0.0,2.0,1.0,1.0,B01
201800052896,1.0,7,0,0.0,2.0,2.0,15.0,A01
201800038814,2.0,37,0,0.0,2.0,8.0,23.0,B01
201800050296,0.0,2,0,0.0,2.0,3.0,3.0,A01
201800002515,1.0,7,0,0.0,0.0,4.0,1.0,A01
201800033716,0.0,7,0,0.0,2.0,1.0,5.0,A01
201800006079,2.0,7,0,0.0,2.0,4.0,1.0,D01
201800043342,0.0,33,0,0.0,2.0,1.0,1.0,B01
201800007899,1.0,7,0,3.0,0.0,3.0,1.0,A01
201800032289,0.0,1,0,0.0,2.0,4.0,1.0,B01
201800047155,2.0,7,0,0.0,2.0,4.0,2.0,B01
201800026746,2.0,7,0,0.0,2.0,2.0,2.0,A01
201800010177,0.0,10,0,0.0,1.0,2.0,2.0,A01
201800035540,1.0,7,0,0.0,2.0,0.0,0.0,C01
201800019688,1.0,33,0,0.0,2.0,7.0,2.0,A01
201800035952,1.0,7,0,0.0,2.0,8.0,9.0,A01
201800003920,0.0,7,0,0.0,0.0,4.0,23.0,B01
201800038956,0.0,7,0,0.0,0.0,0.0,10.0,A01
201800038702,1.0,7,0,7.0,2.0,9.0,1.0,A01
201800004894,0.0,7,0,0.0,2.0,3.0,15.0,A01
201800048974,1.0,7,0,0.0,2.0,4.0,1.0,D01
201800049639,2.0,7,0,0.0,2.0,5.0,11.0,B01
201800032504,2.0,32,0,0.0,2.0,2.0,2.0,B01
201800031572,1.0,7,0,13.0,2.0,9.0,13.0,A01
201800050189,2.0,7,0,13.0,0.0,0.0,13.0,A01
201800014660,2.0,33,0,0.0,2.0,1.0,1.0,B01
201800030241,1.0,33,0,12.0,0.0,1.0,1.0,A01
201800025283,2.0,7,0,0.0,2.0,4.0,1.0,C01
201800030462,1.0,7,0,0.0,6.0,2.0,1.0,B01
201800016188,0.0,10,0,0.0,1.0,1.0,15.0,A01
201800057558,2.0,30,0,0.0,2.0,1.0,1.0,A01
201800035082,0.0,7,0,0.0,2.0,1.0,1.0,A01
201800055910,2.0,30,0,13.0,2.0,2.0,17.0,B01
201800008354,1.0,30,0,0.0,1.0,8.0,17.0,Z01
201800019677,2.0,99,0,0.0,1.0,0.0,0.0,A01
201800035505,1.0,31,0,1.0,2.0,7.0,1.0,B01
201800056817,1.0,10,0,0.0,2.0,3.0,15.0,A01
201800007170,1.0,7,0,1.0,0.0,1.0,1.0,A01
201800048153,2.0,1,0,0.0,1.0,1.0,8.0,A01
201800052951,1.0,33,0,0.0,2.0,8.0,23.0,C01
201800019639,1.0,7,0,1.0,0.0,3.0,17.0,B01
201800057760,2.0,32,0,0.0,2.0,2.0,0.0,A01
201800020348,1.0,7,0,3.0,0.0,2.0,1.0,A01
201800055746,2.0,7,0,0.0,2.0,5.0,23.0,B01
201800021572,1.0,7,0,2.0,0.0,1.0,13.0,A01
201800007367,0.0,7,0,4.0,0.0,3.0,17.0,A01
201800026603,1.0,7,0,0.0,1.0,2.0,1.0,A01
201800006240,2.0,14,0,0.0,0.0,6.0,9.0,B01
201800054708,1.0,30,0,0.0,2.0,0.0,1.0,B01
201800040051,1.0,30,0,0.0,2.0,1.0,0.0,A01
201800000350,1.0,7,0,9.0,0.0,3.0,1.0,A01
201800055614,2.0,7,0,0.0,2.0,4.0,2.0,B01
201800004665,0.0,7,0,0.0,2.0,3.0,1.0,C01
201800019787,1.0,7,0,0.0,2.0,1.0,2.0,A01
201800053820,1.0,7,0,0.0,2.0,8.0,22.0,B01
201800005898,1.0,7,0,0.0,2.0,7.0,15.0,A01
201800022551,2.0,7,0,0.0,2.0,1.0,9.0,A01
201800009792,0.0,30,0,0.0,2.0,4.0,1.0,A01
201800017775,1.0,99,0,0.0,0.0,7.0,12.0,B01
201800056370,0.0,7,0,0.0,1.0,1.0,15.0,A01
201800051458,1.0,7,0,0.0,2.0,5.0,23.0,B01
201800023546,2.0,7,0,0.0,2.0,1.0,2.0,D01
201800054937,2.0,7,0,0.0,2.0,4.0,2.0,C01
201800037312,0.0,20,0,1.0,1.0,0.0,22.0,A01
201800048649,2.0,7,0,0.0,2.0,1.0,1.0,B01
201800048296,2.0,37,2,0.0,0.0,0.0,21.0,A01
201800002560,2.0,7,0,0.0,2.0,3.0,5.0,A01
201800045713,2.0,34,0,0.0,2.0,1.0,3.0,A01
201800004406,0.0,7,0,0.0,2.0,3.0,13.0,A01
201800053823,1.0,2,0,0.0,2.0,1.0,1.0,B01
201800036592,2.0,7,0,0.0,2.0,4.0,2.0,D01
201800044355,2.0,7,0,0.0,2.0,4.0,1.0,B01
201800056457,1.0,7,0,0.0,0.0,6.0,16.0,B01
201800027042,2.0,7,0,6.0,0.0,1.0,1.0,A01
201800036482,1.0,7,0,0.0,2.0,7.0,1.0,B01
201800036448,1.0,32,0,0.0,0.0,0.0,1.0,A01
201800032213,2.0,7,0,0.0,1.0,2.0,1.0,A01
201800018258,2.0,7,0,0.0,0.0,0.0,14.0,A01
201800050745,1.0,34,0,0.0,2.0,1.0,17.0,A01
201800037760,1.0,7,0,0.0,1.0,1.0,1.0,A01
201800011849,0.0,33,0,8.0,0.0,8.0,1.0,A01
201800048521,1.0,7,0,0.0,2.0,3.0,20.0,A01
201800001527,0.0,7,0,0.0,1.0,0.0,0.0,A01
201800047057,2.0,7,0,0.0,2.0,4.0,2.0,B01
201800040255,1.0,7,0,0.0,2.0,1.0,11.0,A01
201800026457,0.0,7,0,0.0,2.0,0.0,1.0,A01
201800049190,1.0,7,0,0.0,2.0,1.0,2.0,A01
201800046050,2.0,15,0,0.0,2.0,1.0,1.0,B01
201800044199,2.0,31,0,0.0,2.0,9.0,3.0,A01
201800031071,1.0,10,0,0.0,2.0,2.0,1.0,A01
201800019231,0.0,7,0,7.0,0.0,2.0,1.0,A01
201800001820,2.0,7,0,0.0,2.0,2.0,15.0,A01
201800043907,1.0,7,0,0.0,2.0,4.0,2.0,B01
201800052740,1.0,2,0,0.0,2.0,1.0,1.0,B01
201800009602,1.0,33,0,0.0,2.0,1.0,1.0,B01
201800045751,1.0,15,0,0.0,2.0,2.0,1.0,A01
201800039915,1.0,33,0,0.0,2.0,1.0,17.0,A01
201800048511,2.0,3,0,8.0,2.0,1.0,1.0,B01
201800019490,0.0,7,0,3.0,0.0,9.0,1.0,A01
201800024690,1.0,7,0,0.0,2.0,4.0,1.0,B01
201800001287,2.0,2,0,0.0,2.0,1.0,13.0,A01
201800003670,1.0,33,0,0.0,1.0,7.0,0.0,A01
201800027280,1.0,2,0,0.0,2.0,1.0,1.0,B01
201800007061,1.0,7,0,8.0,0.0,7.0,13.0,A01
201800047238,1.0,7,0,0.0,2.0,7.0,15.0,A01
201800055963,1.0,7,0,0.0,0.0,4.0,1.0,B01
201800032198,1.0,7,0,0.0,2.0,1.0,1.0,B01
201800038520,2.0,7,0,0.0,2.0,4.0,2.0,B01
201800021012,1.0,7,0,0.0,2.0,0.0,15.0,A01
201800040800,2.0,7,0,0.0,2.0,1.0,21.0,A01
201800046657,2.0,7,0,0.0,2.0,3.0,1.0,B01
201800046308,1.0,7,0,0.0,2.0,4.0,2.0,B01
201800050180,1.0,7,0,0.0,2.0,4.0,9.0,A01
201800007798,2.0,7,0,0.0,2.0,3.0,9.0,A01
201800021867,2.0,7,0,0.0,9.0,7.0,17.0,A01
201800004340,0.0,33,0,3.0,2.0,0.0,17.0,A01
201800029776,1.0,2,0,0.0,2.0,8.0,1.0,B01
201800022002,0.0,7,0,0.0,2.0,3.0,9.0,A01
201800057764,1.0,30,0,0.0,2.0,8.0,1.0,B01
201800043610,1.0,7,0,16.0,0.0,7.0,14.0,A01
201800039563,1.0,7,0,0.0,2.0,6.0,1.0,C01
201800022738,1.0,7,0,13.0,0.0,1.0,1.0,A01
201800047123,2.0,7,0,0.0,2.0,6.0,2.0,B01
201800040965,1.0,7,0,0.0,2.0,4.0,23.0,A01
201800024003,0.0,40,100,0.0,1.0,0.0,1.0,A01
201800028775,1.0,7,0,0.0,2.0,6.0,2.0,B01
201800040319,1.0,33,0,0.0,1.0,0.0,21.0,A01
201800018775,0.0,7,0,0.0,2.0,8.0,0.0,B01
201800032670,0.0,7,0,0.0,0.0,4.0,2.0,C01
201800013304,0.0,7,0,0.0,2.0,3.0,16.0,A01
201800035812,0.0,2,0,0.0,2.0,1.0,1.0,B01
201800054982,0.0,14,0,0.0,2.0,2.0,16.0,A01
201800031204,2.0,33,0,0.0,2.0,1.0,8.0,B01
201800022788,2.0,7,0,0.0,0.0,6.0,2.0,A01
201800001683,0.0,7,0,1.0,0.0,6.0,0.0,C01
201800019475,2.0,7,0,0.0,2.0,9.0,23.0,B01
201800027316,2.0,7,0,6.0,0.0,8.0,13.0,A01
201800043097,1.0,7,0,0.0,1.0,2.0,17.0,Z01
201800039453,2.0,7,0,0.0,1.0,3.0,19.0,A01
201800029268,0.0,33,0,1.0,0.0,1.0,1.0,A01
201800034132,0.0,7,0,0.0,2.0,3.0,15.0,A01
201800039856,2.0,7,0,0.0,2.0,4.0,2.0,A01
201800017970,0.0,7,0,0.0,9.0,2.0,2.0,A01
201800025083,1.0,31,0,0.0,2.0,1.0,2.0,A01
201800000967,1.0,7,0,0.0,2.0,6.0,1.0,A01
201800037530,2.0,10,0,0.0,1.0,1.0,0.0,A01
201800034122,0.0,7,0,0.0,2.0,1.0,2.0,A01
201800055503,1.0,7,0,0.0,2.0,7.0,12.0,A01
201800012000,1.0,33,0,0.0,2.0,1.0,1.0,B01
201800021474,0.0,10,0,0.0,1.0,1.0,16.0,A01
201800009210,1.0,7,0,0.0,2.0,4.0,0.0,B01
201800000949,0.0,2,0,0.0,0.0,1.0,1.0,A01
201800041455,2.0,33,0,0.0,2.0,1.0,5.0,A01
201800019656,1.0,7,0,0.0,2.0,3.0,1.0,B01
201800042024,1.0,7,0,0.0,2.0,3.0,9.0,A01
201800005612,2.0,7,0,0.0,2.0,1.0,19.0,A01
201800057481,1.0,7,0,,,,,A01
201800004826,2.0,7,0,0.0,2.0,2.0,2.0,B01
201800018158,1.0,7,0,0.0,2.0,6.0,1.0,A01
201800005563,2.0,7,0,0.0,2.0,1.0,15.0,A01
201800055417,1.0,7,0,0.0,2.0,5.0,1.0,B01
201800027438,1.0,1,0,0.0,0.0,1.0,0.0,A01
201800044074,1.0,7,0,0.0,2.0,1.0,0.0,B01
201800018401,0.0,2,0,0.0,2.0,7.0,1.0,B01
201800029807,0.0,7,0,0.0,0.0,0.0,4.0,C01
201800041017,1.0,7,0,0.0,2.0,1.0,7.0,A01
201800002461,1.0,7,0,0.0,2.0,3.0,1.0,B01
201800053825,1.0,7,0,0.0,2.0,2.0,1.0,A01
201800010287,0.0,34,0,0.0,2.0,1.0,1.0,B01
201800030823,0.0,7,0,0.0,2.0,4.0,23.0,C01
201800013433,1.0,7,0,0.0,0.0,4.0,15.0,C01
201800001467,0.0,7,0,13.0,2.0,8.0,1.0,B01
201800054041,1.0,2,0,0.0,2.0,3.0,1.0,A01
201800057238,0.0,7,0,0.0,2.0,7.0,15.0,B01
201800031519,2.0,10,0,0.0,1.0,1.0,1.0,A01
201800005215,0.0,10,0,0.0,2.0,1.0,2.0,A01
201800022084,1.0,7,0,0.0,2.0,3.0,19.0,B01
201800038697,1.0,7,0,0.0,2.0,8.0,23.0,B01
201800006572,1.0,10,0,0.0,2.0,2.0,0.0,A01
201800057780,1.0,7,0,0.0,2.0,1.0,2.0,B01
201800001921,2.0,7,0,15.0,0.0,4.0,2.0,B01
201800001473,2.0,33,0,0.0,0.0,7.0,1.0,A01
201800049996,0.0,7,0,0.0,2.0,1.0,2.0,B01
201800027992,0.0,7,0,0.0,2.0,1.0,2.0,A01
201800000351,2.0,7,0,0.0,2.0,3.0,1.0,B01
201800026497,1.0,7,0,0.0,2.0,4.0,2.0,B01
201800022147,1.0,31,0,0.0,0.0,1.0,1.0,A01
201800034634,2.0,7,0,0.0,1.0,2.0,2.0,A01
201800051930,1.0,7,0,0.0,2.0,8.0,7.0,A01
201800051733,2.0,2,0,0.0,0.0,7.0,1.0,A01
201800043885,2.0,33,0,0.0,2.0,1.0,3.0,A01
201800010005,1.0,7,0,0.0,1.0,3.0,1.0,B01
201800039392,2.0,2,0,0.0,0.0,0.0,2.0,A01
201800043752,2.0,7,0,0.0,2.0,4.0,1.0,B01
201800046591,2.0,7,0,0.0,2.0,4.0,2.0,E01
201800055959,2.0,7,0,0.0,2.0,7.0,15.0,A01
201800039353,2.0,7,0,0.0,2.0,3.0,13.0,B01
201800044774,1.0,7,0,0.0,0.0,9.0,14.0,A01
201800011112,2.0,10,0,0.0,2.0,8.0,1.0,C01
201800055213,2.0,7,0,0.0,1.0,8.0,23.0,A01
201800046953,2.0,34,0,0.0,2.0,8.0,21.0,A01
201800038392,2.0,7,0,0.0,2.0,3.0,19.0,B01
201800025018,0.0,30,0,0.0,2.0,1.0,1.0,A01
201800051706,1.0,10,0,0.0,2.0,3.0,24.0,B01
201800047601,0.0,7,0,0.0,2.0,1.0,2.0,A01
201800016653,0.0,33,0,0.0,0.0,0.0,15.0,A01
201800010781,0.0,2,0,0.0,2.0,3.0,16.0,B01
201800024538,1.0,7,0,0.0,2.0,7.0,1.0,B01
201800024536,2.0,7,0,0.0,1.0,3.0,1.0,A01
201800051131,2.0,2,0,0.0,1.0,1.0,1.0,A01
201800036842,1.0,10,0,0.0,2.0,8.0,1.0,A01
201800041480,1.0,33,0,0.0,2.0,1.0,1.0,B01
201800012922,1.0,33,0,0.0,2.0,8.0,13.0,A01
201800007006,2.0,17,0,0.0,0.0,5.0,2.0,B01
201800041474,1.0,7,0,8.0,0.0,2.0,2.0,A01
201800057387,1.0,7,0,0.0,2.0,3.0,16.0,A01
201800050832,0.0,7,0,0.0,2.0,7.0,16.0,A01
201800007131,2.0,7,0,0.0,2.0,4.0,6.0,A01
201800028850,2.0,7,0,0.0,2.0,4.0,1.0,B01
201800048052,0.0,99,0,0.0,2.0,0.0,0.0,R01
201800046922,0.0,7,0,4.0,0.0,3.0,16.0,A01
201800013727,2.0,7,0,6.0,0.0,1.0,1.0,A01
201800042375,2.0,7,0,0.0,1.0,1.0,1.0,A01
201800000422,0.0,7,0,0.0,2.0,6.0,0.0,B01
201800038406,1.0,13,0,0.0,2.0,1.0,2.0,A01
201800047303,1.0,7,0,0.0,2.0,1.0,23.0,C01
201800013359,2.0,7,0,13.0,2.0,1.0,13.0,A01
201800015718,1.0,31,0,0.0,2.0,1.0,17.0,B01
201800012308,1.0,33,0,0.0,2.0,1.0,13.0,A01
201800043492,1.0,7,0,0.0,1.0,3.0,9.0,A01
201800030289,1.0,7,0,0.0,1.0,2.0,19.0,A01
201800054198,0.0,30,0,0.0,2.0,4.0,23.0,A01
201800033308,1.0,7,0,0.0,2.0,3.0,1.0,B01
201800056864,1.0,30,0,0.0,2.0,1.0,1.0,B01
201800033645,2.0,7,0,0.0,0.0,0.0,0.0,C01
201800003116,2.0,7,0,13.0,0.0,3.0,1.0,A01
201800035450,2.0,7,0,0.0,2.0,4.0,2.0,B01
201800028506,1.0,7,0,0.0,2.0,1.0,15.0,A01